MyVenueCode,LocationName,LocationCode,LocationDescription,Venue,Department,Menu,POSProfile,Family,PriceLevel,IsWarehouse,Active
86,AA - ADMINISTRATIVE TRANSACTIONS,AA,ADMINISTRATIVE TRANSACTIONS,The Pit,34964 - ADMINISTRATION,ADMINISTRATIVE,THE PIT - UNM ARENA,,ADMINISTRATIVE,0,0
5,BB 101 - BASEBALL TRAILER,BB 101,BASEBALL TRAILER,Baseball,36127 - CONCESSIONS,BB 101 - BASEBALL TRAILER,UNM BASEBALL,BB 101 - BASEBALL TRAILER,BASEBALL,0,1
13,FB 100 - TRAILER N CONCOURSE,FB 100,TRAILER N CONCOURSE,Football Stadium,36127 - CONCESSIONS,FB 100 - TRAILER N CONCOURSE,UNM FOOTBALL STADIUM,FB 100 - TRAILER N CONCOURSE,CONCESSIONS PRICING,0,1
81,FB 100B - MBP TRAILER N CONCOURSE,FB 100B,MBP TRAILER N CONCOURSE,Football Stadium,36127 - CONCESSIONS,000 - MBP - ALL PORTABLES,UNM FOOTBALL STADIUM,CONCESSIONS - ALCOHOL ALL - MBP & STANDS,CONCESSIONS PRICING,0,1
6,FB 101 - STADIUM SIPS SHACK SW,FB 101,STADIUM SIPS SHACK SW,Football Stadium,36127 - CONCESSIONS,FB 101 - STADIUM SIPS SHACK SW,UNM FOOTBALL STADIUM,FB 101 - STADIUM SIPS SHACK- SW,CONCESSIONS PRICING,0,1
7,FB 102 - TOWER SOUTH,FB 102,TOWER SOUTH,Football Stadium,36127 - CONCESSIONS,FB 102 - TOWER SOUTH,UNM FOOTBALL STADIUM,FB 102 - TOWER SOUTH,CONCESSIONS PRICING,0,1
8,FB 103 - TOWER NORTH,FB 103,TOWER NORTH,Football Stadium,36127 - CONCESSIONS,FB 103 - TOWER NORTH,UNM FOOTBALL STADIUM,FB 103 - TOWER NORTH,CONCESSIONS PRICING,0,1
9,FB 104 - RED RALLY NORTH WEST,FB 104,RED RALLY NORTH WEST,Football Stadium,36127 - CONCESSIONS,FB 104 - RED RALLY NORTH WEST,UNM FOOTBALL STADIUM,FB 104 - RED RALLY NORTH WEST,CONCESSIONS PRICING,0,1
10,FB 105 - NW SPECIALTY - DAWG HOUSE 2.0,FB 105,NW SPECIALTY - DAWG HOUSE 2.0,Football Stadium,36127 - CONCESSIONS,FB 105 - NW SPECIALTY - DAWG 2.0,UNM FOOTBALL STADIUM,FB 107 - NE SPECIALTY DAWG HOUSE,CONCESSIONS PRICING,0,1
11,FB 106 - RED RALLY NORTH EAST,FB 106,RED RALLY NORTH EAST,Football Stadium,36127 - CONCESSIONS,FB 106 - RED RALLY NORTH EAST,UNM FOOTBALL STADIUM,FB 106 - RED RALLY NORTH EAST,CONCESSIONS PRICING,0,1
62,FB 107 - NE SPECIALTY - DAWG HOUSE,FB 107,NE SPECIALTY - DAWG HOUSE,Football Stadium,36127 - CONCESSIONS,FB 107 - NE SPECIALTY - DAWG HOUSE,UNM FOOTBALL STADIUM,FB 107 - NE SPECIALTY DAWG HOUSE,CONCESSIONS PRICING,0,1
14,FB 108 - GRAB N GO - NW,FB 108,GRAB N GO - NW,Football Stadium,36127 - CONCESSIONS,FB 108 - GRAB N GO - NW,UNM FOOTBALL STADIUM,FB 109 - GRAB N GO-NORTH WEST,CONCESSIONS PRICING,0,1
15,FB 109 - MBP - NORTH EAST,FB 109,MBP - NORTH EAST,Football Stadium,36127 - CONCESSIONS,000 - MBP - ALL PORTABLES,UNM FOOTBALL STADIUM,CONCESSIONS - ALCOHOL ALL - MBP & STANDS,CONCESSIONS PRICING,0,1
84,FB 109B - MBP - NORTH EAST 2.0 POLE,FB 109B,MBP - NORTH EAST 2.0 POLE,Football Stadium,36127 - CONCESSIONS,000 - MBP - ALL PORTABLES,UNM FOOTBALL STADIUM,CONCESSIONS - ALCOHOL ALL - MBP & STANDS,CONCESSIONS PRICING,0,1
16,FB 110 - MBP - NORTH WEST (Shivers),FB 110,MBP - NORTH WEST (Shivers),Football Stadium,36127 - CONCESSIONS,000 - MBP - ALL PORTABLES,UNM FOOTBALL STADIUM,CONCESSIONS - ALCOHOL ALL - MBP & STANDS,CONCESSIONS PRICING,0,1
30,FB 111 - MBP - NORTH WEST (PROMO),FB 111,MBP - NORTH WEST (PROMO),Football Stadium,36127 - CONCESSIONS,000 - MBP - ALL PORTABLES,UNM FOOTBALL STADIUM,CONCESSIONS - ALCOHOL ALL - MBP & STANDS,CONCESSIONS PRICING,0,1
21,FB 112 - MBP - NE PEPSI TRAILER,FB 112,MBP - NE PEPSI TRAILER,Football Stadium,36127 - CONCESSIONS,FB 108 - GRAB N GO - NW,UNM FOOTBALL STADIUM,CONCESSIONS - ALCOHOL ALL - MBP & STANDS,CONCESSIONS PRICING,0,1
73,FB 113 - MBP - STUDENT ZONE (SE),FB 113,MBP - STUDENT ZONE (SE),Football Stadium,36127 - CONCESSIONS,FB 117-118 - ELOTICO CART,UNM FOOTBALL STADIUM,FB - ELOTICO CARTS,CONCESSIONS PRICING,0,1
74,FB 114 - MBP - MINI MELTS (NW),FB 114,MBP - MINI MELTS (NW),Football Stadium,36127 - CONCESSIONS,FB - MINI MELTS ICE CREAM CART,UNM FOOTBALL STADIUM,MINI MELTS ICE CREAM CART,CONCESSIONS PRICING,0,1
85,FB 115 - MBP - MINI MELTS (NE),FB 115,MBP - MINI MELTS (NE),Football Stadium,36127 - CONCESSIONS,FB - MINI MELTS ICE CREAM CART,UNM FOOTBALL STADIUM,MINI MELTS ICE CREAM CART,CONCESSIONS PRICING,0,1
77,FB 117 - MBP ELOTICO CART (NW),FB 117,MBP ELOTICO CART (NW),Football Stadium,36127 - CONCESSIONS,FB 117-118 - ELOTICO CART,UNM FOOTBALL STADIUM,FB - ELOTICO CARTS,CONCESSIONS PRICING,0,1
78,FB 118 - MBP SW DOG CART,FB 118,MBP SW DOG CART,Football Stadium,36127 - CONCESSIONS,FB 118 - MBP SW DOG CART,UNM FOOTBALL STADIUM,FB 118 - MBP SW DOG CART,CONCESSIONS PRICING,0,1
80,FB 119 - HAWK VENDORS,FB 119,HAWK VENDORS,Football Stadium,36127 - CONCESSIONS,000 - MBP - ALL PORTABLES,UNM FOOTBALL STADIUM,CONCESSIONS - ALCOHOL ALL - MBP & STANDS,CONCESSIONS PRICING,0,1
76,FB 120 - MBP N. SCOREBOARD WEST NO.1,FB 120,MBP N. SCOREBOARD WEST NO.1,Football Stadium,36127 - CONCESSIONS,000 - MBP - ALL PORTABLES,UNM FOOTBALL STADIUM,CONCESSIONS - ALCOHOL ALL - MBP & STANDS,CONCESSIONS PRICING,0,1
89,FB 121 - MBP N. SCOREBOARD EAST NO.2,FB 121,MBP N. SCOREBOARD EAST NO.2,Football Stadium,36127 - CONCESSIONS,000 - MBP - ALL PORTABLES,UNM FOOTBALL STADIUM,CONCESSIONS - ALCOHOL ALL - MBP & STANDS,CONCESSIONS PRICING,0,1
91,FB 122 - MBP - NORTH WEST (GATE),FB 122,MBP - NORTH WEST (GATE),Football Stadium,36127 - CONCESSIONS,000 - MBP - ALL PORTABLES,UNM FOOTBALL STADIUM,CONCESSIONS - ALCOHOL ALL - MBP & STANDS,CONCESSIONS PRICING,0,1
57,FB 151 - SUB SUGAR SHIVERS,FB 151,SUB SUGAR SHIVERS,Football Stadium,36637 - SPECIALTY CONCESSIONS (VENDING),PIT 103 - SUB SUGAR SHIVERS (V),UNM FOOTBALL STADIUM,PIT 103 - SUB SUGAR SHIVERS,CONCESSIONS PRICING,0,1
90,FB 152 - SUB LAGUNA BURGER,FB 152,SUB LAGUNA BURGER,Football Stadium,36637 - SPECIALTY CONCESSIONS (VENDING),PIT 107 - SUB  - LAGUNA BURGER (G),UNM FOOTBALL STADIUM,PIT 150 - SUB  - LAGUNA BURGER,CONCESSIONS PRICING,0,1
38,FB 155 - SUB ISLAND NOODLES,FB 155,SUB ISLAND NOODLES,Football Stadium,36637 - SPECIALTY CONCESSIONS (VENDING),FB 155 - SUB- ISLAND NOODLES,UNM FOOTBALL STADIUM,FB 155 - SUB ISLAND NOODLES,CONCESSIONS PRICING,0,1
17,FB 401 - PREM. PRESS LEVEL,FB 401,PREM. PRESS LEVEL,Football Stadium,36128 - GROUP SALES / PREMIUM,FB 401 THRU 404 - PREMIUM ALL,UNM FOOTBALL STADIUM,FB 401 thru 404 - PREM. ALL,PREMIUM PRICING,0,1
18,FB 402 - PREM. ZIA 1,FB 402,PREM. ZIA 1,Football Stadium,36128 - GROUP SALES / PREMIUM,FB 401 THRU 404 - PREMIUM ALL,UNM FOOTBALL STADIUM,FB 401 thru 404 - PREM. ALL,PREMIUM PRICING,0,1
19,FB 403 - PREM. ZIA 2,FB 403,PREM. ZIA 2,Football Stadium,36128 - GROUP SALES / PREMIUM,FB 401 THRU 404 - PREMIUM ALL,UNM FOOTBALL STADIUM,FB 401 thru 404 - PREM. ALL,PREMIUM PRICING,0,1
20,FB 404 - PREM. END ZONE CLUB EZC,FB 404,PREM. END ZONE CLUB EZC,Football Stadium,36128 - GROUP SALES / PREMIUM,FB 401 THRU 404 - PREMIUM ALL,UNM FOOTBALL STADIUM,FB 401 thru 404 - PREM. ALL,PREMIUM PRICING,0,1
50,FB 405 - PREM-OUTSIDE EVENT PORTABLE,FB 405,PREM-OUTSIDE EVENT PORTABLE,Football Stadium,36128 - GROUP SALES / PREMIUM,FB 401 THRU 404 - PREMIUM ALL,UNM FOOTBALL STADIUM,FB 401 thru 404 - PREM. ALL,PREMIUM PRICING,0,1
52,FB 406 - FIELD SUITES,FB 406,FIELD SUITES,Football Stadium,36128 - GROUP SALES / PREMIUM,PREM - CATERING GENERAL CONC.,UNM FOOTBALL STADIUM,FB 404 - PREM. END ZONE CLUB- STAND SHEET,PREMIUM PRICING,0,1
71,PIT 100 - VENDING (HAWK),PIT 100,VENDING (HAWK),The Pit,36127 - CONCESSIONS,000 - MBP - ALL PORTABLES,THE PIT - UNM ARENA,CONCESSIONS - ALCOHOL ALL - MBP & STANDS,CONCESSIONS PRICING,0,1
31,PIT 101 - A - POP & POUR (Q),PIT 101,A - POP & POUR (Q),The Pit,36127 - CONCESSIONS,PIT 101 - A - POP & POUR (Q),THE PIT - UNM ARENA,PIT 101 - A - POP & POUR,CONCESSIONS PRICING,0,1
32,PIT 101 - B -  NACHOMAMA (R),PIT 101,B -  NACHOMAMA (R),The Pit,36127 - CONCESSIONS,PIT 101 - B -  NACHOMAMA (R),THE PIT - UNM ARENA,PIT 101 - B - NACHOMAMA,PBR,0,1
33,PIT 102 - THE PIT STOP (U),PIT 102,THE PIT STOP (U),The Pit,36127 - CONCESSIONS,PIT 102 - THE PIT STOP (U),THE PIT - UNM ARENA,PIT 102 - THE PIT STOP,CONCESSIONS PRICING,0,1
34,PIT 103 - SUB SUGAR SHIVERS (V),PIT 103,SUB SUGAR SHIVERS (V),The Pit,36637 - SPECIALTY CONCESSIONS (VENDING),PIT 103 - SUB SUGAR SHIVERS (V),THE PIT - UNM ARENA,PIT 103 - SUB SUGAR SHIVERS,CONCESSIONS PRICING,0,1
35,PIT 104 - BURQUE BREWS (W),PIT 104,BURQUE BREWS (W),The Pit,36127 - CONCESSIONS,PIT 104 - BURQUE BREWS (W),THE PIT - UNM ARENA,PIT 104 - BURQUE BREWS,PBR,0,1
36,PIT 105 - HOWL VODKA LEMONADE (Z),PIT 105,HOWL VODKA LEMONADE (Z),The Pit,36127 - CONCESSIONS,PIT 105 - HOWL VODKA LEMONADE (Z),THE PIT - UNM ARENA,PIT 105 - HOWL VODKA LEMONADE,PBR,0,1
37,PIT 106 - LOUIE'S DAWG HOUSE (C),PIT 106,LOUIE'S DAWG HOUSE (C),The Pit,36127 - CONCESSIONS,PIT 106 - LOUIE'S DAWG HOUSE (C) ,THE PIT - UNM ARENA,PIT 106 - LOUIE'S DAWG HOUSE,CONCESSIONS PRICING,0,1
53,PIT 107 - SUB - LAGUNA BURGER (G),PIT 107,SUB - LAGUNA BURGER (G),Football Stadium,36637 - SPECIALTY CONCESSIONS (VENDING),PIT 107 - SUB  - LAGUNA BURGER (G),UNM FOOTBALL STADIUM,PIT 150 - SUB  - LAGUNA BURGER,CONCESSIONS PRICING,0,1
39,PIT 108 - HOOP & GO (J),PIT 108,HOOP & GO (J),The Pit,36127 - CONCESSIONS,PIT 108 - HOOP & GO (J),THE PIT - UNM ARENA,PIT 108 - HOOP & GO,CONCESSIONS PRICING,0,1
40,PIT 109 - ALLEYOOP (L),PIT 109,ALLEYOOP (L),The Pit,36127 - CONCESSIONS,PIT 109 - ALLEYOOP (L),THE PIT - UNM ARENA,PIT 109 - ALLEYOOP (L),CONCESSIONS PRICING,0,1
64,PIT 110 - PAPITAS (M),PIT 110,PAPITAS (M),The Pit,36127 - CONCESSIONS,PIT 110 - PAPITAS (M),THE PIT - UNM ARENA,PIT 110 - PAPITAS,CONCESSIONS PRICING,0,1
58,PIT 111 - MBP ELEVATOR (Q),PIT 111,MBP ELEVATOR (Q),The Pit,36127 - CONCESSIONS,000 - MBP - ALL PORTABLES,THE PIT - UNM ARENA,CONCESSIONS - ALCOHOL ALL - MBP & STANDS,PBR,0,1
54,PIT 112 - MBP NACHOMAMA (R),PIT 112,MBP NACHOMAMA (R),The Pit,36127 - CONCESSIONS,000 - MBP - ALL PORTABLES,THE PIT - UNM ARENA,CONCESSIONS - ALCOHOL ALL - MBP & STANDS,PBR,0,1
55,PIT 113 - MBP SUGAR SHIVERS (V),PIT 113,MBP SUGAR SHIVERS (V),The Pit,36127 - CONCESSIONS,000 - MBP - ALL PORTABLES,THE PIT - UNM ARENA,CONCESSIONS - ALCOHOL ALL - MBP & STANDS,CONCESSIONS PRICING,0,1
65,PIT 114 - MBP SUGAR SHIVERS 2.0 (V),PIT 114,MBP SUGAR SHIVERS 2.0 (V),The Pit,36127 - CONCESSIONS,000 - MBP - ALL PORTABLES,THE PIT - UNM ARENA,CONCESSIONS - ALCOHOL ALL - MBP & STANDS,PBR,0,1
60,PIT 115 - MBP THE DAWG HOUSE (C),PIT 115,MBP THE DAWG HOUSE (C),The Pit,36127 - CONCESSIONS,000 - MBP - ALL PORTABLES,THE PIT - UNM ARENA,CONCESSIONS - ALCOHOL ALL - MBP & STANDS,PBR,0,1
56,PIT 116 - MBP LAGUNA (G),PIT 116,MBP LAGUNA (G),The Pit,36127 - CONCESSIONS,000 - MBP - ALL PORTABLES,THE PIT - UNM ARENA,CONCESSIONS - ALCOHOL ALL - MBP & STANDS,PBR,0,1
61,PIT 117 - MBP 108 CORNER (J/L),PIT 117,MBP 108 CORNER (J/L),The Pit,36127 - CONCESSIONS,000 - MBP - ALL PORTABLES,THE PIT - UNM ARENA,CONCESSIONS - ALCOHOL ALL - MBP & STANDS,PBR,0,1
59,PIT 118 - MBP PRETZEL CART (C),PIT 118,MBP PRETZEL CART (C),The Pit,36127 - CONCESSIONS,PIT 118 - MBP PRETZEL CART,THE PIT - UNM ARENA,PIT 118 - MBP PRETZEL CART,CONCESSIONS PRICING,0,1
66,PIT 119 - MBP NACHO HANDICAP (R),PIT 119,MBP NACHO HANDICAP (R),The Pit,36127 - CONCESSIONS,000 - MBP - ALL PORTABLES,THE PIT - UNM ARENA,CONCESSIONS - ALCOHOL ALL - MBP & STANDS,CONCESSIONS PRICING,0,1
67,PIT 120 - MBP DAWG HOUSE HANDICAP (C),PIT 120,MBP DAWG HOUSE HANDICAP (C),The Pit,36127 - CONCESSIONS,000 - MBP - ALL PORTABLES,THE PIT - UNM ARENA,CONCESSIONS - ALCOHOL ALL - MBP & STANDS,PBR,0,1
68,PIT 121 - MBP LAGUNA HANDICAP (G),PIT 121,MBP LAGUNA HANDICAP (G),The Pit,36127 - CONCESSIONS,000 - MBP - ALL PORTABLES,THE PIT - UNM ARENA,CONCESSIONS - ALCOHOL ALL - MBP & STANDS,PBR,0,1
69,PIT 122 - MBP COMMAND POST (U),PIT 122,MBP COMMAND POST (U),The Pit,36127 - CONCESSIONS,000 - MBP - ALL PORTABLES,THE PIT - UNM ARENA,CONCESSIONS - ALCOHOL ALL - MBP & STANDS,PBR,0,1
70,PIT 123 - MBP MAIN ENTRANCE (A),PIT 123,MBP MAIN ENTRANCE (A),The Pit,36127 - CONCESSIONS,000 - MBP - ALL PORTABLES,THE PIT - UNM ARENA,CONCESSIONS - ALCOHOL ALL - MBP & STANDS,PBR,0,1
88,PIT 124 - MBP MINI MELTS (J/L),PIT 124,MBP MINI MELTS (J/L),The Pit,36127 - CONCESSIONS,PIT 124 - MBP MINI MELTS (R),THE PIT - UNM ARENA,MINI MELTS ICE CREAM CART,CONCESSIONS PRICING,0,1
42,PIT 201 - PREM. 505 MARKET,PIT 201,PREM. 505 MARKET,The Pit,36128 - GROUP SALES / PREMIUM,PREM - 505 MARKET,THE PIT - UNM ARENA,,PREMIUM PRICING,0,1
43,PIT 202 - PREM. WEST BAR,PIT 202,PREM. WEST BAR,The Pit,36128 - GROUP SALES / PREMIUM,PIT 203 - PREM. PIT BARS,THE PIT - UNM ARENA,,PREMIUM PRICING,0,1
44,PIT 203 - PREM. EAST BAR,PIT 203,PREM. EAST BAR,The Pit,36128 - GROUP SALES / PREMIUM,PIT 203 - PREM. PIT BARS,THE PIT - UNM ARENA,,PREMIUM PRICING,0,1
45,PIT 204 - PREM. LOBO BITES,PIT 204,PREM. LOBO BITES,The Pit,36128 - GROUP SALES / PREMIUM,PIT 204 - PREM. LOBO BITES,THE PIT - UNM ARENA,,PREMIUM PRICING,0,1
46,PIT 205 - PREM. LETTERMANS LOUNGE,PIT 205,PREM. LETTERMANS LOUNGE,The Pit,36128 - GROUP SALES / PREMIUM,PIT 203 - PREM. PIT BARS,THE PIT - UNM ARENA,PREM - PIT - LETTERMANS WELL LIQUOR,PREMIUM PRICING,0,1
47,PIT 206 - PREM. SPEAKEASY,PIT 206,PREM. SPEAKEASY,The Pit,36128 - GROUP SALES / PREMIUM,PIT 203 - PREM. PIT BARS,THE PIT - UNM ARENA,,PREMIUM PRICING,0,1
48,PIT 207 - PREM. DESSERT CART MOBILE,PIT 207,PREM. DESSERT CART MOBILE,The Pit,36128 - GROUP SALES / PREMIUM,PREMIUM ELITE SEATS,THE PIT - UNM ARENA,,PREMIUM PRICING,0,1
87,PIT 208 - PREM. MCDAVID LOUNGE,PIT 208,PREM. MCDAVID LOUNGE,The Pit,36128 - GROUP SALES / PREMIUM,PIT 203 - PREM. PIT BARS,THE PIT - UNM ARENA,PREM - FB LIQUOR,PREMIUM PRICING,0,1
2,WAREHOUSE - FOOTBALL (NE),WAREHOUSE,FOOTBALL (NE),Other,57039 - WAREHOUSE,,,,CONCESSIONS PRICING,1,0
3,WAREHOUSE - FOOTBALL (NW),WAREHOUSE,FOOTBALL (NW),Other,57039 - WAREHOUSE,,,,CONCESSIONS PRICING,1,0
4,WAREHOUSE - KITCHEN / CULINARY,WAREHOUSE,KITCHEN / CULINARY,Other,36129 - SUITES (CULINARY),,0 - POS Profile (DEFAULT - HOLD),,CONCESSIONS PRICING,1,0
1,WAREHOUSE - MAIN (THE PIT),WAREHOUSE,MAIN (THE PIT),Other,57039 - WAREHOUSE,,,,CONCESSIONS PRICING,1,0
72,WAREHOUSE - PANTRY - PREMIUM (THE PIT),WAREHOUSE,PANTRY - PREMIUM (THE PIT),Other,36128 - GROUP SALES / PREMIUM,,,,PREMIUM PRICING,1,0
12,ZZZ FB 107 - NE SPECIALTY - PAPAGAYOS LEMONADE,ZZZ FB 107,NE SPECIALTY - PAPAGAYOS LEMONADE,Other,36637 - SPECIALTY CONCESSIONS (VENDING),,,,CONCESSIONS PRICING,0,0
51,ZZZ FB 112 - PALETA BAR,ZZZ FB 112,PALETA BAR,Other,36637 - SPECIALTY CONCESSIONS (VENDING),,,,CONCESSIONS PRICING,0,0
75,zzz FB 114 - MBP - WATER (SE),zzz FB 114,MBP - WATER (SE),Football Stadium,36127 - CONCESSIONS,000 - MBP - ALL PORTABLES,UNM FOOTBALL STADIUM,CONCESSIONS - ALCOHOL ALL - MBP & STANDS,CONCESSIONS PRICING,0,0
82,zzz FB 115 - MBP - WATER (NE),zzz FB 115,MBP - WATER (NE),Football Stadium,36127 - CONCESSIONS,000 - MBP - ALL PORTABLES,UNM FOOTBALL STADIUM,CONCESSIONS - ALCOHOL ALL - MBP & STANDS,CONCESSIONS PRICING,0,0
83,ZZZ FB 116B - MBP - NORTH WEST 2.0 POLE,ZZZ FB 116B,MBP - NORTH WEST 2.0 POLE,Football Stadium,36127 - CONCESSIONS,000 - MBP - ALL PORTABLES,UNM FOOTBALL STADIUM,CONCESSIONS - ALCOHOL ALL - MBP & STANDS,CONCESSIONS PRICING,0,0
79,zzz FB 152 - SUB THE BEAN COFFEE,zzz FB 152,SUB THE BEAN COFFEE,Football Stadium,36637 - SPECIALTY CONCESSIONS (VENDING),,UNM FOOTBALL STADIUM,,CONCESSIONS PRICING,0,0
41,ZZZ PIT 110 - SUB - BIG UNIQUE SANDWICHES,ZZZ PIT 110,SUB - BIG UNIQUE SANDWICHES,Other,36637 - SPECIALTY CONCESSIONS (VENDING),,,,CONCESSIONS PRICING,0,0
